temperature,humidity,numVehicles,numPedestrians,ambulanceDetected,delay_time,time
0,0,0,0,false,5000,2024-12-15T14:19:23.288Z

0,0,0,0,false,4000,2024-12-15T14:19:28.114Z

0,0,0,0,false,4000,2024-12-15T14:19:29.476Z

20.8,80,0,0,false,4000,2024-12-15T14:19:30.877Z

20.8,80,0,0,false,4000,2024-12-15T14:19:32.578Z

20.6,80,12,0,false,4000,2024-12-15T14:19:35.779Z

20.6,80,12,0,false,4000,2024-12-15T14:19:37.297Z

20.9,80,12,2,false,4000,2024-12-15T14:19:39.239Z

20.7,80,9,2,false,4000,2024-12-15T14:19:42.503Z

20.7,80,9,2,false,4000,2024-12-15T14:19:44.359Z

20.8,80,9,4,false,4000,2024-12-15T14:19:45.663Z

20.6,80,9,4,false,4000,2024-12-15T14:19:47.718Z

20.6,80,9,4,false,4000,2024-12-15T14:19:49.101Z

20.9,80,13,4,false,4000,2024-12-15T14:19:53.419Z

20.9,80,13,4,false,4000,2024-12-15T14:19:56.390Z

20.9,80,13,4,false,4000,2024-12-15T14:19:57.294Z

20.9,80,13,4,false,4000,2024-12-15T14:19:58.941Z

20.8,80,13,4,false,4000,2024-12-15T14:20:01.236Z

20.8,80,13,4,false,4000,2024-12-15T14:20:02.929Z

21.4,81,13,6,false,4000,2024-12-15T14:20:04.490Z

21,81,13,6,false,5000,2024-12-15T14:20:06.660Z

21,81,13,6,false,5000,2024-12-15T14:20:08.158Z

20.9,80,18,6,false,5000,2024-12-15T14:20:09.761Z

20.9,80,18,6,false,5000,2024-12-15T14:20:11.305Z

21.3,81,18,7,false,5000,2024-12-15T14:20:12.953Z

21.3,81,18,7,false,5000,2024-12-15T14:20:14.536Z

20.5,80,18,7,false,5000,2024-12-15T14:20:18.287Z

20.7,80,10,7,false,5000,2024-12-15T14:20:21.283Z

20.9,80,10,7,false,5000,2024-12-15T14:20:27.282Z

20.4,79,10,9,false,5000,2024-12-15T14:20:28.492Z

20.4,79,11,9,false,5000,2024-12-15T14:20:30.077Z

20.9,79,11,9,false,5000,2024-12-15T14:20:31.828Z

20.9,79,11,8,false,5000,2024-12-15T14:20:33.672Z

20.8,79,11,8,false,5000,2024-12-15T14:20:37.359Z

20.6,79,11,8,false,5000,2024-12-15T14:20:39.348Z

20.9,79,10,8,false,5000,2024-12-15T14:20:41.721Z

20.4,79,10,8,false,5000,2024-12-15T14:20:45.430Z

20.4,79,10,7,false,5000,2024-12-15T14:20:47.313Z

20.9,79,10,7,false,5000,2024-12-15T14:20:50.148Z

20.9,79,8,7,false,5000,2024-12-15T14:20:51.941Z

20.6,79,8,7,false,5000,2024-12-15T14:20:53.997Z

21.3,80,8,9,false,5000,2024-12-15T14:20:59.390Z

20.8,79,9,9,false,5000,2024-12-15T14:21:03.296Z

20.8,79,9,9,false,5000,2024-12-15T14:21:05.308Z

20.9,79,9,6,false,5000,2024-12-15T14:21:07.365Z

21.2,80,9,6,false,5000,2024-12-15T14:21:09.522Z

20.9,79,9,6,false,5000,2024-12-15T14:21:14.046Z

20.9,79,9,6,false,5000,2024-12-15T14:21:14.105Z

20.9,79,9,5,false,5000,2024-12-15T14:21:16.244Z

20.9,79,9,5,false,4000,2024-12-15T14:21:17.842Z

20.9,79,9,5,false,4000,2024-12-15T14:21:19.276Z

20.9,79,0,5,false,4000,2024-12-15T14:21:20.709Z

20.7,79,0,5,false,4000,2024-12-15T14:21:22.625Z

20.7,79,0,0,false,4000,2024-12-15T14:21:24.073Z

20.9,79,0,0,false,4000,2024-12-15T14:21:25.495Z

20.9,79,0,0,false,4000,2024-12-15T14:21:26.900Z

20.9,79,0,0,false,4000,2024-12-15T14:21:28.355Z

20.9,79,0,0,false,4000,2024-12-15T14:21:30.107Z

20.5,79,0,0,false,4000,2024-12-15T14:21:31.563Z

20.5,79,0,3,false,4000,2024-12-15T14:21:33.029Z

20.3,79,0,3,false,4000,2024-12-15T14:21:34.559Z

20.3,79,0,3,false,4000,2024-12-15T14:21:35.896Z

20.9,79,0,3,false,4000,2024-12-15T14:21:37.295Z

20.9,79,0,3,false,4000,2024-12-15T14:21:38.782Z

20.5,79,11,3,false,4000,2024-12-15T14:21:40.211Z

20.5,79,11,3,false,4000,2024-12-15T14:21:41.828Z

21.1,80,11,3,false,4000,2024-12-15T14:21:43.902Z

20.9,79,11,3,false,4000,2024-12-15T14:21:47.468Z

20.5,79,11,3,false,4000,2024-12-15T14:21:47.963Z

20.5,79,11,3,false,4000,2024-12-15T14:21:49.587Z

20.9,79,8,3,false,4000,2024-12-15T14:21:51.148Z

20.5,79,8,3,false,4000,2024-12-15T14:21:54.329Z

20.9,80,8,6,false,5000,2024-12-15T14:22:26.060Z

20.9,81,8,6,false,5000,2024-12-15T14:22:28.547Z

20.9,81,8,6,false,5000,2024-12-15T14:22:30.515Z

20.7,81,8,6,false,5000,2024-12-15T14:22:32.183Z

20.9,81,8,6,false,5000,2024-12-15T14:22:34.465Z

20.7,81,8,6,false,5000,2024-12-15T14:22:36.722Z

21.1,82,8,6,false,5000,2024-12-15T14:22:44.723Z

20.9,80,8,6,false,5000,2024-12-15T14:22:50.382Z

20.9,80,8,6,false,5000,2024-12-15T14:22:55.384Z

20.7,80,8,6,false,5000,2024-12-15T14:22:55.446Z

21,81,8,6,false,5000,2024-12-15T14:22:57.779Z

21,81,8,6,false,5000,2024-12-15T14:22:59.954Z

20.7,80,8,6,false,5000,2024-12-15T14:23:09.171Z

20.7,80,8,6,false,5000,2024-12-15T14:23:10.838Z

20.9,80,8,6,false,5000,2024-12-15T14:23:29.373Z

20.8,81,8,6,false,5000,2024-12-15T14:23:37.964Z

20.8,80,8,6,false,5000,2024-12-15T14:23:47.880Z

20.8,81,8,6,false,5000,2024-12-15T14:23:50.462Z

20.5,81,8,6,false,5000,2024-12-15T14:23:53.383Z

20.8,81,8,6,false,5000,2024-12-15T14:23:56.968Z

20.8,81,8,6,false,5000,2024-12-15T14:24:01.809Z

20.8,81,8,6,false,5000,2024-12-15T14:24:05.507Z

20.8,81,8,6,false,5000,2024-12-15T14:24:08.168Z

20.7,81,8,6,false,5000,2024-12-15T14:24:17.168Z

20.8,81,8,6,false,5000,2024-12-15T14:24:17.576Z

20.8,81,8,6,false,5000,2024-12-15T14:24:19.243Z

21,82,8,6,false,5000,2024-12-15T14:24:20.821Z

21,82,8,6,false,5000,2024-12-15T14:24:22.411Z

20.8,81,8,6,false,5000,2024-12-15T14:24:24.059Z

20.8,81,8,6,false,5000,2024-12-15T14:24:25.999Z

20.5,81,8,6,false,5000,2024-12-15T14:24:29.314Z

20.8,81,8,6,false,5000,2024-12-15T14:24:38.381Z

20.7,81,8,6,false,5000,2024-12-15T14:24:43.803Z

20.7,81,8,6,false,5000,2024-12-15T14:24:47.753Z

20.6,81,8,6,false,5000,2024-12-15T14:24:50.886Z

20.7,81,8,6,false,5000,2024-12-15T14:24:53.107Z

20.7,81,8,6,false,5000,2024-12-15T14:24:54.735Z

20.4,81,8,6,false,5000,2024-12-15T14:24:58.195Z

20.7,81,8,6,false,5000,2024-12-15T14:25:00.803Z

20.7,81,8,6,false,5000,2024-12-15T14:25:02.370Z

20.7,81,8,6,false,5000,2024-12-15T14:25:04.323Z

20.7,81,8,6,false,5000,2024-12-15T14:25:06.431Z

20.7,81,8,6,false,5000,2024-12-15T14:25:07.970Z

21,82,8,6,false,5000,2024-12-15T14:25:09.551Z

20.7,81,8,6,false,5000,2024-12-15T14:25:13.920Z

20.9,81,8,6,false,5000,2024-12-15T14:25:16.042Z

20.7,81,8,6,false,5000,2024-12-15T14:25:20.765Z

20.7,81,8,6,false,5000,2024-12-15T14:25:47.969Z

20.9,81,8,6,false,5000,2024-12-15T14:25:53.842Z

20.7,82,8,6,false,5000,2024-12-15T14:25:59.914Z

20.7,81,8,6,false,5000,2024-12-15T14:26:36.005Z

20.6,82,8,6,false,5000,2024-12-15T14:26:38.185Z

20.4,82,8,6,false,5000,2024-12-15T14:26:42.515Z

20.6,82,8,6,false,5000,2024-12-15T14:26:45.513Z

20.7,82,8,6,false,5000,2024-12-15T14:26:49.783Z

20.6,82,8,6,false,5000,2024-12-15T14:26:50.134Z

20.5,82,8,6,false,5000,2024-12-15T14:26:54.840Z

20.6,82,8,6,false,5000,2024-12-15T14:27:30.493Z

20.5,82,8,6,false,5000,2024-12-15T14:27:53.151Z

0,0,8,6,false,5000,2024-12-15T14:27:57.603Z

0,0,8,6,false,4000,2024-12-15T14:28:00.319Z

0,0,8,6,false,4000,2024-12-15T14:28:05.191Z

0,0,8,6,false,4000,2024-12-15T14:28:12.570Z

0,0,8,6,false,4000,2024-12-15T14:28:16.174Z

0,0,8,6,false,4000,2024-12-15T14:28:22.516Z

0,0,8,6,false,4000,2024-12-15T14:28:26.331Z

0,0,8,6,false,4000,2024-12-15T14:28:28.974Z

0,0,8,6,false,4000,2024-12-15T14:28:32.631Z

0,0,8,6,false,4000,2024-12-15T14:28:43.222Z

0,0,8,6,false,4000,2024-12-15T14:28:49.788Z

0,0,8,6,false,4000,2024-12-15T14:28:54.692Z

0,0,8,6,false,4000,2024-12-15T14:28:56.260Z

0,0,8,6,false,4000,2024-12-15T14:29:00.703Z

0,0,8,6,false,4000,2024-12-15T14:29:04.140Z

0,0,8,6,false,4000,2024-12-15T14:29:06.854Z

0,0,8,6,false,4000,2024-12-15T14:29:10.169Z

0,0,8,6,false,4000,2024-12-15T14:29:20.959Z

0,0,8,6,false,4000,2024-12-15T14:29:28.659Z

0,0,8,6,false,4000,2024-12-15T14:29:30.876Z

0,0,8,6,false,4000,2024-12-15T14:29:35.522Z

0,0,8,6,false,4000,2024-12-15T14:29:37.383Z

0,0,8,6,false,4000,2024-12-15T14:29:39.910Z

0,0,8,6,false,4000,2024-12-15T14:29:47.284Z

0,0,8,6,false,4000,2024-12-15T14:29:49.450Z

0,0,8,6,false,4000,2024-12-15T14:29:51.212Z

0,0,8,6,false,4000,2024-12-15T14:29:52.951Z

0,0,8,6,false,4000,2024-12-15T14:29:55.061Z

0,0,8,6,false,4000,2024-12-15T14:29:57.346Z

0,0,8,6,false,4000,2024-12-15T14:29:59.950Z

0,0,8,6,false,4000,2024-12-15T14:30:02.094Z

0,0,8,6,false,4000,2024-12-15T14:30:03.809Z

0,0,8,6,false,4000,2024-12-15T14:30:05.373Z

0,0,8,6,false,4000,2024-12-15T14:30:07.110Z

0,0,8,6,false,4000,2024-12-15T14:30:08.916Z

0,0,8,6,false,4000,2024-12-15T14:30:14.892Z

0,0,8,6,false,4000,2024-12-15T14:30:16.771Z

0,0,8,6,false,4000,2024-12-15T14:31:41.609Z

0,0,8,6,false,4000,2024-12-15T14:31:45.757Z

0,0,8,6,false,4000,2024-12-15T14:31:49.818Z

0,0,8,6,false,4000,2024-12-15T14:31:53.094Z

0,0,8,6,false,4000,2024-12-15T14:31:55.072Z

0,0,8,6,false,4000,2024-12-15T14:31:57.714Z

0,0,8,6,false,4000,2024-12-15T14:32:01.788Z

0,0,8,6,false,4000,2024-12-15T14:32:04.513Z

0,0,8,6,false,4000,2024-12-15T14:32:06.603Z

0,0,8,6,false,4000,2024-12-15T14:32:10.263Z

0,0,8,6,false,4000,2024-12-15T14:32:12.860Z

0,0,8,6,false,4000,2024-12-15T14:32:14.908Z

0,0,8,6,false,4000,2024-12-15T14:32:18.185Z

0,0,8,6,false,4000,2024-12-15T14:32:22.851Z

0,0,8,6,false,4000,2024-12-15T14:32:27.033Z

0,0,8,6,false,4000,2024-12-15T14:32:30.558Z

0,0,8,6,false,4000,2024-12-15T14:32:32.854Z

0,0,8,6,false,4000,2024-12-15T14:32:35.996Z

0,0,8,6,false,4000,2024-12-15T14:32:39.060Z

0,0,8,6,false,4000,2024-12-15T14:32:41.970Z

0,0,8,6,false,4000,2024-12-15T14:32:44.770Z

0,0,8,6,false,4000,2024-12-15T14:32:46.193Z

0,0,8,6,false,4000,2024-12-15T14:32:48.874Z

0,0,8,6,false,4000,2024-12-15T14:32:52.865Z

0,0,8,6,false,4000,2024-12-15T14:32:58.077Z

0,0,0,0,false,5000,2024-12-15T14:33:20.708Z

20.7,82,0,0,false,4000,2024-12-15T14:33:30.804Z

20.5,82,0,0,false,4000,2024-12-15T14:33:37.395Z

20.5,82,0,0,false,4000,2024-12-15T14:33:39.376Z

temperature,humidity,numVehicles,numPedestrians,ambulanceDetected,delay_time,time
20.6,82,0,0,false,4000,2024-12-15T14:34:03.107Z

20.4,81,0,0,false,4000,2024-12-15T14:34:23.383Z

20.4,80,0,0,false,4000,2024-12-15T14:34:26.549Z

20.4,80,0,0,false,4000,2024-12-15T14:34:28.953Z

20.4,80,0,0,false,4000,2024-12-15T14:34:30.779Z

20.2,80,0,0,false,4000,2024-12-15T14:34:33.434Z

20.4,80,0,0,false,4000,2024-12-15T14:34:36.299Z

20.4,80,0,0,false,4000,2024-12-15T14:34:38.283Z

20.4,80,0,0,false,4000,2024-12-15T14:34:43.205Z

20.4,80,0,0,false,4000,2024-12-15T14:34:53.871Z

0,0,0,0,false,5000,2024-12-15T14:35:26.631Z

0,0,0,0,false,4000,2024-12-15T14:35:41.984Z

0,0,0,0,false,4000,2024-12-15T14:35:47.168Z

0,0,0,0,false,4000,2024-12-15T14:35:48.862Z

0,0,0,0,false,4000,2024-12-15T14:36:05.953Z

20.4,81,0,0,false,4000,2024-12-15T14:36:14.090Z

20.3,81,0,0,false,4000,2024-12-15T14:36:15.880Z

20.1,81,0,0,false,4000,2024-12-15T14:36:18.376Z

20.4,81,0,0,false,4000,2024-12-15T14:36:20.545Z

20.6,81,0,0,false,4000,2024-12-15T14:36:23.000Z

20.4,81,0,0,false,4000,2024-12-15T14:36:25.657Z

20.3,81,0,0,false,4000,2024-12-15T14:36:27.686Z

20.4,81,0,0,false,4000,2024-12-15T14:36:30.891Z

20.3,81,0,0,false,4000,2024-12-15T14:36:33.704Z

20.4,81,0,0,false,4000,2024-12-15T14:36:35.909Z

19.8,81,0,0,false,4000,2024-12-15T14:36:38.107Z

20.4,81,0,0,false,5000,2024-12-15T14:36:40.196Z

19.8,81,0,0,false,4000,2024-12-15T14:36:42.676Z

20.4,81,0,0,false,5000,2024-12-15T14:36:45.447Z

20.5,81,0,0,false,4000,2024-12-15T14:36:48.737Z

20.4,81,0,0,false,4000,2024-12-15T14:36:52.374Z

20.4,81,0,0,false,4000,2024-12-15T14:36:54.157Z

20.7,81,0,0,false,4000,2024-12-15T14:36:58.699Z

20.7,81,0,0,false,4000,2024-12-15T14:37:00.473Z

20.4,81,0,0,false,4000,2024-12-15T14:37:02.729Z

20.4,81,0,0,false,4000,2024-12-15T14:37:05.015Z

20.4,81,0,0,false,4000,2024-12-15T14:37:06.984Z

19.9,81,0,0,false,4000,2024-12-15T14:37:09.850Z

20.5,81,0,0,false,5000,2024-12-15T14:37:13.158Z

20.5,81,0,0,false,4000,2024-12-15T14:37:14.985Z

20.4,81,0,0,false,4000,2024-12-15T14:37:16.707Z

20.6,81,0,0,false,4000,2024-12-15T14:37:19.007Z

20.6,81,0,0,false,4000,2024-12-15T14:37:20.665Z

20.4,81,0,0,false,4000,2024-12-15T14:37:25.883Z

20.4,81,0,0,false,4000,2024-12-15T14:37:28.816Z

20.1,81,0,0,false,4000,2024-12-15T14:37:30.904Z

20.3,81,0,0,false,4000,2024-12-15T14:37:32.985Z

20,81,0,0,false,4000,2024-12-15T14:37:36.260Z

20,81,0,0,false,4000,2024-12-15T14:37:38.218Z

20.3,80,0,0,false,4000,2024-12-15T14:37:39.784Z

20.3,80,0,0,false,4000,2024-12-15T14:37:41.384Z

19.8,80,0,0,false,4000,2024-12-15T14:37:45.222Z

20.1,80,0,0,false,5000,2024-12-15T14:37:47.933Z

20.3,80,0,0,false,4000,2024-12-15T14:37:51.021Z

21,81,0,0,false,4000,2024-12-15T14:37:55.085Z

20.3,80,0,0,false,4000,2024-12-15T14:37:57.102Z

20.3,80,0,0,false,4000,2024-12-15T14:37:58.645Z

20.1,80,0,0,false,4000,2024-12-15T14:38:00.373Z

20.1,80,0,0,false,4000,2024-12-15T14:38:02.267Z

20.3,79,0,0,false,4000,2024-12-15T14:38:03.863Z

19.8,79,0,0,false,4000,2024-12-15T14:38:05.967Z

20.3,79,0,0,false,5000,2024-12-15T14:38:08.095Z

20.4,79,0,0,false,4000,2024-12-15T14:38:10.760Z

20.3,79,0,0,false,4000,2024-12-15T14:38:13.070Z

20.4,79,0,0,false,4000,2024-12-15T14:38:16.091Z

20.4,79,0,0,false,4000,2024-12-15T14:38:17.717Z

20.3,79,0,0,false,4000,2024-12-15T14:38:19.740Z

20.3,79,0,0,false,4000,2024-12-15T14:38:21.320Z

19.9,79,0,0,false,4000,2024-12-15T14:38:22.935Z

19.9,79,0,0,false,5000,2024-12-15T14:38:24.612Z

20.9,78,0,0,false,5000,2024-12-15T14:38:29.884Z

20.2,78,0,0,false,4000,2024-12-15T14:38:33.292Z

20.2,78,0,0,false,4000,2024-12-15T14:38:34.586Z

20.5,78,0,0,false,4000,2024-12-15T14:38:36.998Z

20.5,78,0,0,false,4000,2024-12-15T14:38:39.737Z

20.6,78,0,0,false,4000,2024-12-15T14:38:42.323Z

19.8,78,0,0,false,4000,2024-12-15T14:38:45.550Z

19.8,78,0,0,false,5000,2024-12-15T14:38:47.170Z

20.2,78,0,0,false,5000,2024-12-15T14:38:49.252Z

20.7,78,0,0,false,4000,2024-12-15T14:38:52.766Z

20.2,78,0,0,false,4000,2024-12-15T14:38:55.728Z

20.1,78,0,0,false,4000,2024-12-15T14:38:57.787Z

20.2,78,0,0,false,4000,2024-12-15T14:39:00.487Z

19.7,78,0,0,false,4000,2024-12-15T14:39:02.675Z

20.2,78,0,0,false,5000,2024-12-15T14:39:06.251Z

20.2,78,0,0,false,4000,2024-12-15T14:39:08.045Z

20.4,77,0,0,false,4000,2024-12-15T14:39:09.994Z

20.4,77,0,0,false,4000,2024-12-15T14:39:11.542Z

20.7,77,0,0,false,4000,2024-12-15T14:39:13.137Z

20.7,77,0,0,false,4000,2024-12-15T14:39:14.825Z

20.2,77,0,0,false,4000,2024-12-15T14:39:17.017Z

20.2,77,0,0,false,4000,2024-12-15T14:39:18.906Z

20.1,77,0,0,false,4000,2024-12-15T14:39:21.660Z

20.4,77,0,0,false,4000,2024-12-15T14:39:23.718Z

20.2,77,0,0,false,4000,2024-12-15T14:39:26.897Z

20.1,77,0,0,false,4000,2024-12-15T14:39:37.442Z

20.1,77,0,0,false,4000,2024-12-15T14:39:42.014Z

20.1,77,0,0,false,4000,2024-12-15T14:39:46.631Z

20.1,77,0,0,false,4000,2024-12-15T14:39:48.852Z

20.1,77,0,0,false,4000,2024-12-15T14:39:50.249Z

20.4,77,0,0,false,4000,2024-12-15T14:39:51.763Z

20.4,77,0,0,false,4000,2024-12-15T14:39:53.637Z

20.1,77,0,0,false,4000,2024-12-15T14:39:55.459Z

20,77,0,0,false,4000,2024-12-15T14:39:59.184Z

20,77,0,0,false,4000,2024-12-15T14:40:00.795Z

20.1,77,0,0,false,4000,2024-12-15T14:40:02.324Z

20.1,77,0,0,false,4000,2024-12-15T14:40:03.845Z

20.4,77,0,0,false,4000,2024-12-15T14:40:05.393Z

20.4,77,0,0,false,4000,2024-12-15T14:40:06.843Z

20,77,0,0,false,4000,2024-12-15T14:40:08.679Z

20,77,0,0,false,4000,2024-12-15T14:40:10.149Z

20.1,77,0,0,false,4000,2024-12-15T14:40:11.770Z

20.1,77,0,0,false,4000,2024-12-15T14:40:13.494Z

19.5,77,0,0,false,4000,2024-12-15T14:40:19.094Z

20.1,77,0,0,false,5000,2024-12-15T14:40:22.436Z

0,0,0,0,false,4000,2024-12-15T14:40:24.906Z

0,0,0,0,false,5000,2024-12-15T14:40:27.787Z

0,0,0,0,false,5000,2024-12-15T14:40:34.624Z

0,0,0,0,false,4000,2024-12-15T14:40:40.584Z

0,0,0,0,false,4000,2024-12-15T14:40:41.874Z

20.1,77,0,0,false,4000,2024-12-15T14:40:44.742Z

20.1,77,0,0,false,4000,2024-12-15T14:40:51.606Z

20.5,77,26,0,false,4000,2024-12-15T14:40:53.690Z

20,77,26,0,false,3500,2024-12-15T14:41:00.307Z

20,77,26,2,false,3500,2024-12-15T14:41:05.263Z

20,77,19,2,false,3500,2024-12-15T14:41:10.054Z

20,77,19,2,false,3500,2024-12-15T14:41:11.982Z

19.9,77,19,1,false,3500,2024-12-15T14:41:16.412Z

20,77,21,1,false,5000,2024-12-15T14:41:21.313Z

19.8,76,21,1,false,3500,2024-12-15T14:41:23.775Z

20,76,21,1,false,4000,2024-12-15T14:41:27.124Z

20,76,28,1,false,3500,2024-12-15T14:41:29.354Z

20,76,28,1,false,3500,2024-12-15T14:41:32.467Z

19.7,76,28,2,false,3500,2024-12-15T14:41:33.811Z

19.7,76,29,2,false,4000,2024-12-15T14:41:35.620Z

20.1,76,29,2,false,4000,2024-12-15T14:41:37.813Z

20,77,29,2,false,3500,2024-12-15T14:41:40.549Z

temperature,humidity,numVehicles,numPedestrians,ambulanceDetected,delay_time,time
19.9,76,22,2,false,3500,2024-12-15T14:41:42.588Z

20,76,22,2,false,4000,2024-12-15T14:41:45.150Z

20,76,22,2,false,3500,2024-12-15T14:41:47.108Z

20,76,22,2,false,3500,2024-12-15T14:41:49.770Z

19.8,76,22,2,false,3500,2024-12-15T14:41:51.949Z

19.8,76,22,0,false,4000,2024-12-15T14:41:53.439Z

20,76,25,0,false,4000,2024-12-15T14:41:55.440Z

temperature,humidity,numVehicles,numPedestrians,ambulanceDetected,delay_time,time
20.5,76,25,0,false,3500,2024-12-15T14:41:59.306Z

20.5,76,25,1,false,3500,2024-12-15T14:42:01.279Z

20,76,28,1,false,3500,2024-12-15T14:42:04.462Z

20,76,28,1,false,3500,2024-12-15T14:42:06.116Z

20,76,28,2,false,3500,2024-12-15T14:42:07.822Z

19.9,76,28,2,false,3500,2024-12-15T14:42:10.149Z

19.9,76,24,2,false,4000,2024-12-15T14:42:11.753Z

20,76,24,2,false,4000,2024-12-15T14:42:14.298Z

20,76,24,1,false,3500,2024-12-15T14:42:16.190Z

20,76,24,1,false,3500,2024-12-15T14:42:18.757Z

20,76,24,1,false,3500,2024-12-15T14:42:20.792Z

20,76,21,1,false,3500,2024-12-15T14:42:22.284Z

19.6,76,21,1,false,3500,2024-12-15T14:42:23.970Z

19.6,76,21,0,false,4000,2024-12-15T14:42:25.842Z

19.8,76,21,0,false,4000,2024-12-15T14:42:31.232Z

20,76,21,0,false,4000,2024-12-15T14:42:31.552Z

20,76,25,0,false,3500,2024-12-15T14:42:33.075Z

19.7,76,25,0,false,3500,2024-12-15T14:42:34.899Z

19.7,76,25,1,false,4000,2024-12-15T14:42:36.679Z

19.7,76,25,1,false,4000,2024-12-15T14:42:38.171Z

19.7,76,25,1,false,4000,2024-12-15T14:42:39.675Z

20,76,25,1,false,4000,2024-12-15T14:42:41.133Z

20,76,27,1,false,3500,2024-12-15T14:42:42.898Z

19.8,76,27,1,false,3500,2024-12-15T14:42:44.330Z

19.8,76,27,2,false,4000,2024-12-15T14:42:45.792Z

19.8,76,27,2,false,4000,2024-12-15T14:42:50.122Z

19.8,76,27,2,false,4000,2024-12-15T14:42:51.531Z

20,76,19,2,false,4000,2024-12-15T14:42:52.991Z

temperature,humidity,numVehicles,numPedestrians,ambulanceDetected,delay_time,time
20,76,19,2,false,3500,2024-12-15T14:42:54.544Z

19.8,75,19,1,false,3500,2024-12-15T14:42:56.260Z

19.8,75,19,1,false,5000,2024-12-15T14:42:57.670Z

19.7,75,19,1,false,5000,2024-12-15T14:42:59.036Z

19.7,75,19,1,false,5000,2024-12-15T14:43:00.686Z

19.9,75,21,1,false,5000,2024-12-15T14:43:02.193Z

19.9,75,21,1,false,4000,2024-12-15T14:43:03.633Z

19.7,75,21,0,false,4000,2024-12-15T14:43:05.227Z

20,75,21,0,false,4000,2024-12-15T14:43:12.265Z

20,75,21,0,false,3500,2024-12-15T14:43:14.389Z

20,75,28,0,false,3500,2024-12-15T14:43:15.877Z

20,75,28,0,false,3500,2024-12-15T14:43:17.400Z

19.7,75,28,2,false,3500,2024-12-15T14:43:19.548Z

20,75,28,2,false,4000,2024-12-15T14:43:21.643Z

20,75,28,2,false,3500,2024-12-15T14:43:23.210Z

0,0,27,2,false,3500,2024-12-15T14:43:24.693Z

0,0,27,2,false,3000,2024-12-15T14:43:26.269Z

0,0,27,2,false,3000,2024-12-15T14:43:27.866Z

0,0,27,2,false,3000,2024-12-15T14:43:29.354Z

0,0,27,2,false,3000,2024-12-15T14:43:30.834Z

0,0,21,2,false,3000,2024-12-15T14:43:32.500Z

0,0,21,2,false,3000,2024-12-15T14:43:39.581Z

0,0,21,1,false,3000,2024-12-15T14:43:41.883Z

0,0,18,1,false,3000,2024-12-15T14:43:43.764Z

0,0,18,1,false,3000,2024-12-15T14:43:45.462Z

0,0,18,0,false,3000,2024-12-15T14:43:47.789Z

0,0,18,0,false,3000,2024-12-15T14:43:49.365Z

0,0,18,0,false,3000,2024-12-15T14:43:51.130Z

0,0,28,0,false,3000,2024-12-15T14:43:53.866Z

0,0,28,0,false,3000,2024-12-15T14:43:55.754Z

0,0,28,1,false,3000,2024-12-15T14:43:57.539Z

0,0,28,1,false,3000,2024-12-15T14:43:59.709Z

0,0,28,1,false,3000,2024-12-15T14:44:01.260Z

0,0,27,1,false,3000,2024-12-15T14:44:02.911Z

0,0,27,1,false,3000,2024-12-15T14:44:04.508Z

0,0,27,2,false,3000,2024-12-15T14:44:06.710Z

0,0,27,2,false,3000,2024-12-15T14:44:08.244Z

0,0,27,2,false,3000,2024-12-15T14:44:09.903Z

0,0,27,2,false,3000,2024-12-15T14:44:11.417Z

0,0,19,2,false,3000,2024-12-15T14:44:13.186Z

0,0,19,2,false,3000,2024-12-15T14:44:14.964Z

0,0,19,1,false,3000,2024-12-15T14:44:16.796Z

0,0,19,1,false,3000,2024-12-15T14:44:18.462Z

0,0,19,1,false,3000,2024-12-15T14:44:20.578Z

0,0,19,1,false,3000,2024-12-15T14:44:22.197Z

0,0,21,1,false,3000,2024-12-15T14:44:24.356Z

0,0,21,1,false,3000,2024-12-15T14:44:26.043Z

0,0,21,1,false,3000,2024-12-15T14:44:27.684Z

0,0,21,1,false,3000,2024-12-15T14:44:29.795Z

0,0,21,1,false,3000,2024-12-15T14:44:31.534Z

0,0,29,1,false,3000,2024-12-15T14:44:33.275Z

0,0,29,1,false,3000,2024-12-15T14:44:35.446Z

0,0,29,1,false,3000,2024-12-15T14:44:37.989Z

0,0,29,1,false,3000,2024-12-15T14:44:39.900Z

0,0,29,1,false,3000,2024-12-15T14:44:41.540Z

0,0,27,1,false,3000,2024-12-15T14:44:43.216Z

0,0,27,1,false,3000,2024-12-15T14:44:45.034Z

0,0,27,2,false,3000,2024-12-15T14:44:47.932Z

0,0,27,2,false,3000,2024-12-15T14:44:50.045Z

0,0,27,2,false,3000,2024-12-15T14:44:51.578Z

0,0,23,2,false,3000,2024-12-15T14:44:54.434Z

0,0,23,2,false,3000,2024-12-15T14:45:02.041Z

0,0,23,0,false,3000,2024-12-15T14:45:08.780Z

0,0,0,0,false,5000,2024-12-15T14:46:03.536Z

0,0,0,0,false,4000,2024-12-15T14:46:09.448Z

20,75,0,0,false,4000,2024-12-15T14:46:27.326Z

0,0,0,0,false,5000,2024-12-15T14:47:21.267Z

0,0,0,0,false,4000,2024-12-15T14:47:25.898Z

0,0,0,0,false,5000,2024-12-15T14:47:31.255Z

0,0,0,0,false,5000,2024-12-15T14:47:50.517Z

0,0,0,0,false,4000,2024-12-15T14:47:57.515Z

19.9,78,0,0,false,4000,2024-12-15T14:48:06.400Z

19.9,75,0,0,false,5000,2024-12-15T14:48:09.551Z

20,75,23,0,false,5000,2024-12-15T14:48:20.824Z

20,75,23,0,false,3500,2024-12-15T14:48:25.133Z

19.9,75,23,0,false,3500,2024-12-15T14:48:27.393Z

20,75,22,0,false,4000,2024-12-15T14:48:33.842Z

20,75,22,0,false,3500,2024-12-15T14:48:39.419Z

19.9,75,22,2,false,3500,2024-12-15T14:48:41.966Z

19.9,75,30,2,false,4000,2024-12-15T14:48:43.545Z

19.8,75,30,2,false,4000,2024-12-15T14:48:46.210Z

19.8,75,30,2,false,4000,2024-12-15T14:48:47.946Z

19.9,75,28,2,false,4000,2024-12-15T14:48:51.939Z

19.9,75,28,2,false,4000,2024-12-15T14:48:52.522Z

19.9,75,28,1,false,4000,2024-12-15T14:48:56.232Z

0,0,24,1,false,4000,2024-12-15T14:49:00.064Z

0,0,24,1,false,3000,2024-12-15T14:49:01.834Z

20.2,74,24,0,false,3000,2024-12-15T14:49:03.972Z

20,75,19,0,false,3500,2024-12-15T14:49:06.903Z

20,75,19,0,false,3500,2024-12-15T14:49:08.693Z

19.9,75,19,2,false,3500,2024-12-15T14:49:11.143Z

19.9,75,19,2,false,5000,2024-12-15T14:49:12.851Z

19.9,75,31,2,false,5000,2024-12-15T14:49:16.797Z

20,75,31,2,false,4000,2024-12-15T14:49:19.157Z

20,75,31,2,false,3500,2024-12-15T14:49:20.712Z

20,75,25,2,false,3500,2024-12-15T14:49:22.117Z

20,75,25,2,false,3500,2024-12-15T14:49:24.847Z

20,75,25,1,false,3500,2024-12-15T14:49:25.177Z

20,75,24,1,false,3500,2024-12-15T14:49:26.780Z

19.9,75,24,1,false,3500,2024-12-15T14:49:28.317Z

19.9,74,24,0,false,4000,2024-12-15T14:49:31.151Z

19.9,74,22,0,false,4000,2024-12-15T14:49:32.715Z

19.9,75,22,0,false,4000,2024-12-15T14:49:34.171Z

19.9,75,22,1,false,4000,2024-12-15T14:49:35.705Z

19.9,75,30,1,false,4000,2024-12-15T14:49:37.731Z

19.9,75,30,1,false,4000,2024-12-15T14:49:39.133Z

19.9,75,30,1,false,4000,2024-12-15T14:49:40.638Z

19.9,75,30,1,false,4000,2024-12-15T14:49:42.138Z

19.9,75,22,1,false,4000,2024-12-15T14:49:45.997Z

19.9,75,22,1,false,4000,2024-12-15T14:49:47.420Z

19.9,75,22,1,false,4000,2024-12-15T14:49:50.547Z

19.9,75,22,1,false,4000,2024-12-15T14:49:51.983Z

19.8,75,22,1,false,4000,2024-12-15T14:49:53.446Z

19.8,75,23,1,false,4000,2024-12-15T14:49:54.999Z

19.9,75,23,1,false,4000,2024-12-15T14:49:56.585Z

19.9,75,23,1,false,4000,2024-12-15T14:49:58.017Z

19.9,75,23,1,false,4000,2024-12-15T14:49:59.450Z

19.9,75,23,1,false,4000,2024-12-15T14:50:01.465Z

19.9,75,23,1,false,4000,2024-12-15T14:50:02.766Z

19.9,75,30,1,false,4000,2024-12-15T14:50:04.601Z

19.9,75,30,1,false,4000,2024-12-15T14:50:06.023Z

19.9,75,30,1,false,4000,2024-12-15T14:50:08.194Z

19.9,75,30,1,false,4000,2024-12-15T14:50:10.931Z

19.9,75,30,1,false,4000,2024-12-15T14:50:12.313Z

19.9,75,30,1,false,4000,2024-12-15T14:50:13.955Z

19.9,75,27,1,false,4000,2024-12-15T14:50:16.197Z

19.9,75,27,1,false,4000,2024-12-15T14:50:17.636Z

19.9,75,27,2,false,4000,2024-12-15T14:50:19.068Z

19.9,75,27,2,false,4000,2024-12-15T14:50:21.287Z

19.9,75,21,2,false,4000,2024-12-15T14:50:24.750Z

19.9,75,21,2,false,4000,2024-12-15T14:50:28.105Z

19.9,75,21,0,false,4000,2024-12-15T14:50:28.611Z

19.9,75,21,0,false,4000,2024-12-15T14:50:30.761Z

19.9,75,21,0,false,4000,2024-12-15T14:50:32.781Z

19.9,75,23,0,false,4000,2024-12-15T14:50:36.274Z

19.9,75,23,0,false,4000,2024-12-15T14:50:37.264Z

19.9,75,23,1,false,4000,2024-12-15T14:50:38.839Z

19.9,75,23,1,false,4000,2024-12-15T14:50:40.701Z

19.9,75,23,1,false,4000,2024-12-15T14:50:42.527Z

19.9,75,29,1,false,4000,2024-12-15T14:50:44.369Z

19.9,75,29,1,false,4000,2024-12-15T14:50:46.138Z

19.9,75,29,1,false,4000,2024-12-15T14:50:47.577Z

19.9,75,29,1,false,4000,2024-12-15T14:50:49.246Z

19.9,75,29,1,false,4000,2024-12-15T14:50:50.738Z

19.9,75,21,1,false,4000,2024-12-15T14:50:56.061Z

19.9,75,21,1,false,4000,2024-12-15T14:50:57.812Z

19.9,75,21,2,false,4000,2024-12-15T14:50:59.706Z

19.9,75,21,2,false,4000,2024-12-15T14:51:05.109Z

19.9,75,21,2,false,4000,2024-12-15T14:51:06.907Z

19.9,75,21,1,false,4000,2024-12-15T14:51:08.626Z

19.9,75,21,1,false,4000,2024-12-15T14:51:10.717Z

19.9,75,21,1,false,4000,2024-12-15T14:51:12.730Z

19.9,75,21,1,false,4000,2024-12-15T14:51:14.286Z

19.9,75,28,1,false,4000,2024-12-15T14:51:15.906Z

19.9,75,28,1,false,4000,2024-12-15T14:51:17.500Z

19.9,75,28,1,false,4000,2024-12-15T14:51:19.164Z

19.9,75,28,1,false,4000,2024-12-15T14:51:20.683Z

19.9,75,28,1,false,4000,2024-12-15T14:51:22.332Z

19.9,75,28,1,false,4000,2024-12-15T14:51:24.018Z

19.9,75,26,1,false,4000,2024-12-15T14:51:25.594Z

19.9,75,26,1,false,4000,2024-12-15T14:51:27.258Z

19.9,75,26,1,false,4000,2024-12-15T14:51:28.740Z

19.9,75,26,1,false,4000,2024-12-15T14:51:33.184Z

19.9,75,25,1,false,4000,2024-12-15T14:51:36.824Z

19.9,75,25,1,false,4000,2024-12-15T14:51:38.406Z

19.9,75,25,0,false,4000,2024-12-15T14:51:40.000Z

19.9,75,25,0,false,4000,2024-12-15T14:51:41.772Z

19.9,75,26,0,false,4000,2024-12-15T14:51:46.069Z

19.9,75,26,0,false,4000,2024-12-15T14:51:48.279Z

19.9,75,26,1,false,4000,2024-12-15T14:51:57.415Z

19.9,75,28,1,false,4000,2024-12-15T14:51:59.000Z

19.9,75,28,1,false,4000,2024-12-15T14:52:00.973Z

19.9,75,28,2,false,4000,2024-12-15T14:52:02.581Z

19.9,75,28,2,false,4000,2024-12-15T14:52:04.447Z

19.9,75,24,2,false,4000,2024-12-15T14:52:06.054Z

19.9,75,24,2,false,4000,2024-12-15T14:52:07.890Z

20,75,24,0,false,4000,2024-12-15T14:52:09.444Z

20,75,24,0,false,3500,2024-12-15T14:52:10.992Z

20,75,24,0,false,3500,2024-12-15T14:52:12.554Z

20,75,24,0,false,3500,2024-12-15T14:52:14.369Z

20,75,24,0,false,3500,2024-12-15T14:52:16.911Z

20,75,24,0,false,3500,2024-12-15T14:52:18.770Z

20,75,24,2,false,3500,2024-12-15T14:52:20.822Z

20,75,24,2,false,3500,2024-12-15T14:52:22.465Z

20,75,33,2,false,3500,2024-12-15T14:52:25.559Z

20,75,33,2,false,3500,2024-12-15T14:52:30.945Z

20,75,33,1,false,3500,2024-12-15T14:52:33.273Z

20,75,22,1,false,3500,2024-12-15T14:52:35.303Z

20,75,22,1,false,3500,2024-12-15T14:52:37.057Z

20,75,22,1,false,3500,2024-12-15T14:52:38.822Z

20,75,22,1,false,3500,2024-12-15T14:52:40.459Z

20,75,22,1,false,3500,2024-12-15T14:52:42.055Z

20,75,22,1,false,3500,2024-12-15T14:52:43.544Z

20,75,20,1,false,3500,2024-12-15T14:52:45.378Z

20,75,20,1,false,3500,2024-12-15T14:52:46.911Z

20,75,20,1,false,3500,2024-12-15T14:52:48.410Z

20,75,20,1,false,3500,2024-12-15T14:52:50.039Z

20,75,20,1,false,3500,2024-12-15T14:52:51.915Z

20,75,20,1,false,3500,2024-12-15T14:52:53.412Z

20,75,31,1,false,3500,2024-12-15T14:52:56.386Z

20,75,31,1,false,3500,2024-12-15T14:52:59.301Z

20,75,31,2,false,3500,2024-12-15T14:53:01.983Z

20,75,31,2,false,3500,2024-12-15T14:53:03.856Z

20,75,29,2,false,3500,2024-12-15T14:53:05.472Z

20,75,29,2,false,3500,2024-12-15T14:53:07.015Z

20,75,29,0,false,3500,2024-12-15T14:53:08.920Z

20,75,29,0,false,3500,2024-12-15T14:53:10.877Z

20,75,29,0,false,3500,2024-12-15T14:53:12.506Z

20,75,29,0,false,3500,2024-12-15T14:53:14.165Z

20,75,21,0,false,3500,2024-12-15T14:53:16.032Z

20,75,21,0,false,3500,2024-12-15T14:53:18.027Z

20,75,21,0,false,3500,2024-12-15T14:53:19.827Z

20,76,21,0,false,3500,2024-12-15T14:53:21.444Z

20,76,21,0,false,3500,2024-12-15T14:53:23.524Z

20,76,21,0,false,3500,2024-12-15T14:53:24.945Z

20,76,28,0,false,3500,2024-12-15T14:53:26.567Z

20.1,75,28,0,false,3500,2024-12-15T14:53:29.354Z

20,75,28,2,false,3500,2024-12-15T14:53:32.769Z

20,75,28,2,false,3500,2024-12-15T14:53:34.305Z

20,75,27,2,false,3500,2024-12-15T14:53:35.828Z

20,76,27,2,false,3500,2024-12-15T14:53:38.669Z

20,76,27,2,false,3500,2024-12-15T14:53:40.206Z

20.1,76,27,2,false,3500,2024-12-15T14:53:41.856Z

20,75,27,2,false,3500,2024-12-15T14:53:43.815Z

20,75,23,2,false,3500,2024-12-15T14:53:45.520Z

20.1,75,23,2,false,3500,2024-12-15T14:53:48.022Z

20.1,75,23,0,false,3500,2024-12-15T14:53:50.320Z

20.1,75,23,0,false,3500,2024-12-15T14:53:53.069Z

20.1,75,23,0,false,3500,2024-12-15T14:53:54.554Z

20.1,75,28,0,false,3500,2024-12-15T14:53:56.183Z

20.1,75,28,0,false,3500,2024-12-15T14:53:57.893Z

20.1,75,28,1,false,3500,2024-12-15T14:53:59.606Z

20.1,75,28,1,false,3500,2024-12-15T14:54:01.169Z

20,75,28,1,false,3500,2024-12-15T14:54:02.856Z

20,75,28,1,false,3500,2024-12-15T14:54:04.307Z

20.1,76,29,1,false,3500,2024-12-15T14:54:05.859Z

20.1,76,29,1,false,3500,2024-12-15T14:54:07.366Z

20.1,76,29,1,false,3500,2024-12-15T14:54:08.926Z

20.1,76,29,1,false,3500,2024-12-15T14:54:10.454Z

20,76,29,1,false,3500,2024-12-15T14:54:12.323Z

20,76,29,1,false,3500,2024-12-15T14:54:14.013Z

20.1,76,21,1,false,3500,2024-12-15T14:54:19.776Z

20,76,21,1,false,3500,2024-12-15T14:54:22.850Z

20,76,21,0,false,3500,2024-12-15T14:54:24.384Z

20,76,23,0,false,3500,2024-12-15T14:54:26.568Z

20,76,23,0,false,3500,2024-12-15T14:54:28.233Z

20,76,23,3,false,3500,2024-12-15T14:54:29.907Z

20,76,23,3,false,3500,2024-12-15T14:54:31.466Z

20.1,76,23,3,false,3500,2024-12-15T14:54:32.859Z

20.1,76,23,3,false,3500,2024-12-15T14:54:34.616Z

20,76,27,3,false,3500,2024-12-15T14:54:36.081Z

20,76,27,3,false,3500,2024-12-15T14:54:37.615Z

20,76,27,2,false,3500,2024-12-15T14:54:39.167Z

20.1,76,27,2,false,3500,2024-12-15T14:54:42.606Z

20.1,76,27,2,false,3500,2024-12-15T14:54:44.154Z

20.1,76,27,2,false,3500,2024-12-15T14:54:45.528Z

20.1,76,20,2,false,3500,2024-12-15T14:54:49.227Z

20.1,76,20,2,false,3500,2024-12-15T14:54:50.919Z

20.1,76,20,1,false,3500,2024-12-15T14:54:52.377Z

20.1,76,20,1,false,3500,2024-12-15T14:54:53.880Z

20.1,76,20,1,false,3500,2024-12-15T14:54:55.305Z

20.1,76,21,1,false,3500,2024-12-15T14:54:57.061Z

20,77,21,1,false,3500,2024-12-15T14:54:58.681Z

20.1,77,21,0,false,3500,2024-12-15T14:55:03.776Z

20.1,78,27,0,false,3500,2024-12-15T14:55:08.449Z

20.1,78,27,0,false,3500,2024-12-15T14:55:10.759Z

20.1,77,27,3,false,3500,2024-12-15T14:55:12.817Z

20.1,77,27,3,false,3500,2024-12-15T14:55:14.248Z

20.1,77,29,3,false,3500,2024-12-15T14:55:15.892Z

20.1,77,29,3,false,3500,2024-12-15T14:55:17.720Z

20.2,77,29,2,false,3500,2024-12-15T14:55:19.799Z

20.2,77,29,2,false,3500,2024-12-15T14:55:21.248Z

20.2,77,29,2,false,3500,2024-12-15T14:55:22.730Z

20.2,77,29,2,false,3500,2024-12-15T14:55:24.705Z

20.2,77,26,2,false,3500,2024-12-15T14:55:26.028Z

20.2,77,26,2,false,3500,2024-12-15T14:55:27.397Z

20.2,77,26,1,false,3500,2024-12-15T14:55:28.930Z

20.2,77,26,1,false,3500,2024-12-15T14:55:30.569Z

20.2,77,26,1,false,3500,2024-12-15T14:55:31.967Z

20.2,77,26,1,false,3500,2024-12-15T14:55:33.399Z

20.2,76,22,1,false,3500,2024-12-15T14:55:38.480Z

20.2,76,22,1,false,3500,2024-12-15T14:55:39.865Z

20.2,76,22,0,false,3500,2024-12-15T14:55:43.256Z

20.2,76,22,0,false,3500,2024-12-15T14:55:45.488Z

20.2,76,30,0,false,3500,2024-12-15T14:55:46.932Z

20.2,76,30,0,false,3500,2024-12-15T14:55:49.595Z

20.2,76,30,2,false,3500,2024-12-15T14:55:51.082Z

20.2,76,30,2,false,3500,2024-12-15T14:55:52.575Z

20.2,76,30,2,false,3500,2024-12-15T14:55:54.957Z

20.2,76,29,2,false,3500,2024-12-15T14:55:59.308Z

20.2,76,29,2,false,3500,2024-12-15T14:56:00.747Z

20.2,76,29,1,false,3500,2024-12-15T14:56:02.432Z

20.2,76,29,1,false,3500,2024-12-15T14:56:05.565Z

20.2,76,29,1,false,3500,2024-12-15T14:56:07.167Z

20.2,76,29,1,false,3500,2024-12-15T14:56:08.801Z

20.2,76,29,0,false,3500,2024-12-15T14:56:10.900Z

20.2,76,29,0,false,3500,2024-12-15T14:56:12.545Z

20.2,77,25,0,false,3500,2024-12-15T14:56:17.046Z

20.2,77,25,0,false,3500,2024-12-15T14:56:46.393Z

20.1,77,25,0,false,3500,2024-12-15T14:57:04.914Z

20.1,77,25,0,false,3500,2024-12-15T14:57:09.826Z

20.1,77,25,0,false,3500,2024-12-15T14:57:11.355Z

20.1,77,25,0,false,3500,2024-12-15T14:57:13.107Z

20.1,77,25,0,false,3500,2024-12-15T14:57:14.627Z

20.1,77,25,0,false,3500,2024-12-15T14:57:16.896Z

20.1,77,25,0,false,3500,2024-12-15T14:57:20.709Z

20.1,77,25,0,false,3500,2024-12-15T14:57:23.078Z

20.1,77,25,0,false,3500,2024-12-15T14:57:25.499Z

20.1,77,25,0,false,3500,2024-12-15T14:57:27.509Z

20.1,77,25,0,false,3500,2024-12-15T14:57:29.213Z

20.1,77,25,0,false,3500,2024-12-15T14:57:30.711Z

20.1,77,25,0,false,3500,2024-12-15T14:57:32.247Z

20.1,77,25,0,false,3500,2024-12-15T14:57:33.735Z

20.1,77,25,0,false,3500,2024-12-15T14:57:35.463Z

20.1,77,25,0,false,3500,2024-12-15T14:57:37.098Z

20.1,77,25,0,false,3500,2024-12-15T14:57:40.009Z

20.1,77,25,0,false,3500,2024-12-15T14:57:42.147Z

20.1,77,25,0,false,3500,2024-12-15T14:57:43.862Z

20.1,77,25,0,false,3500,2024-12-15T14:57:45.507Z

20.1,77,25,0,false,3500,2024-12-15T14:57:46.969Z

20.1,77,25,0,false,3500,2024-12-15T14:57:48.418Z

20.1,77,25,0,false,3500,2024-12-15T14:57:49.857Z

20.2,77,25,0,false,3500,2024-12-15T14:57:51.693Z

20.2,77,25,0,false,3500,2024-12-15T14:57:53.191Z

20.2,77,25,0,false,3500,2024-12-15T14:57:54.578Z

20.2,77,25,0,false,3500,2024-12-15T14:57:56.154Z

20.1,77,25,0,false,3500,2024-12-15T14:57:57.944Z

20.2,77,25,0,false,3500,2024-12-15T14:58:00.311Z

20.2,77,25,0,false,3500,2024-12-15T14:58:01.810Z

20.1,77,25,0,false,3500,2024-12-15T14:58:05.323Z

20.1,77,25,0,false,3500,2024-12-15T14:58:05.387Z

20.1,77,25,0,false,3500,2024-12-15T14:58:06.964Z

20.2,77,25,0,false,3500,2024-12-15T14:58:10.296Z

20.2,77,25,0,false,3500,2024-12-15T14:58:12.079Z

20.1,77,25,0,false,3500,2024-12-15T14:58:13.559Z

20.1,77,25,0,false,3500,2024-12-15T14:58:15.043Z

20.2,77,25,0,false,3500,2024-12-15T14:58:18.518Z

20.1,77,25,0,false,3500,2024-12-15T14:58:20.992Z

20.1,77,25,0,false,3500,2024-12-15T14:58:23.334Z

20.1,77,25,0,false,3500,2024-12-15T14:58:25.027Z

20.1,77,25,0,false,3500,2024-12-15T14:58:29.187Z

20.1,77,25,0,false,3500,2024-12-15T14:58:31.600Z

20.1,77,25,0,false,3500,2024-12-15T14:58:33.663Z

20.1,77,25,0,false,3500,2024-12-15T14:58:37.730Z

20.1,77,25,0,false,3500,2024-12-15T14:58:39.275Z

20.1,77,25,0,false,3500,2024-12-15T14:58:40.879Z

20.1,77,25,0,false,3500,2024-12-15T14:58:43.020Z

20.1,77,25,0,false,3500,2024-12-15T14:58:45.772Z

20.2,77,25,0,false,3500,2024-12-15T14:58:52.732Z

20.1,77,25,0,false,3500,2024-12-15T14:58:55.684Z

20.1,77,25,0,false,3500,2024-12-15T14:58:57.309Z

20.1,77,25,0,false,3500,2024-12-15T14:58:59.101Z

20.1,77,25,0,false,3500,2024-12-15T14:59:01.439Z

20.1,77,25,0,false,3500,2024-12-15T14:59:03.211Z

20.1,77,25,0,false,3500,2024-12-15T14:59:04.584Z

20.1,77,25,0,false,3500,2024-12-15T14:59:06.231Z

20.2,77,25,0,false,3500,2024-12-15T14:59:09.847Z

20.2,77,25,0,false,3500,2024-12-15T14:59:14.191Z

20.1,77,25,0,false,3500,2024-12-15T14:59:14.277Z

20.1,77,25,0,false,3500,2024-12-15T14:59:16.359Z

20.1,77,25,0,false,3500,2024-12-15T14:59:19.771Z

20.1,77,25,0,false,3500,2024-12-15T14:59:22.753Z

20.2,77,25,0,false,3500,2024-12-15T14:59:25.146Z

20.1,77,25,0,false,3500,2024-12-15T14:59:27.572Z

20.1,77,25,0,false,3500,2024-12-15T14:59:29.344Z

20.1,77,25,0,false,3500,2024-12-15T14:59:30.763Z

20.1,77,25,0,false,3500,2024-12-15T14:59:32.163Z

20.1,77,25,0,false,3500,2024-12-15T14:59:34.135Z

20.1,77,25,0,false,3500,2024-12-15T14:59:35.683Z

20.2,77,25,0,false,3500,2024-12-15T14:59:37.364Z

20.2,77,25,0,false,3500,2024-12-15T14:59:39.167Z

20.1,77,25,0,false,3500,2024-12-15T14:59:56.369Z

20.1,78,25,0,false,3500,2024-12-15T15:00:14.759Z

20.1,78,25,0,false,3500,2024-12-15T15:00:32.718Z

20,78,25,0,false,3500,2024-12-15T15:00:34.793Z

20.1,78,25,0,false,3500,2024-12-15T15:00:40.345Z

20.1,78,25,0,false,3500,2024-12-15T15:00:41.943Z

20.1,78,25,0,false,3500,2024-12-15T15:00:43.993Z

20.1,78,25,0,false,3500,2024-12-15T15:00:45.622Z

20.1,78,25,0,false,3500,2024-12-15T15:00:56.136Z

20.1,78,25,0,false,3500,2024-12-15T15:00:57.728Z

20.1,78,25,0,false,3500,2024-12-15T15:00:59.304Z

20.1,78,25,0,false,3500,2024-12-15T15:01:01.089Z

20,78,25,0,false,3500,2024-12-15T15:01:05.234Z

20,78,25,0,false,3500,2024-12-15T15:01:15.527Z

20,78,25,0,false,3500,2024-12-15T15:01:18.863Z

20.1,78,25,0,false,3500,2024-12-15T15:01:22.398Z

20.1,78,25,0,false,3500,2024-12-15T15:01:24.678Z

20.1,78,25,0,false,3500,2024-12-15T15:01:27.519Z

20.1,78,25,0,false,3500,2024-12-15T15:01:30.233Z

20.1,78,25,0,false,3500,2024-12-15T15:01:31.968Z

20.1,78,25,0,false,3500,2024-12-15T15:01:33.817Z

20.1,78,25,0,false,3500,2024-12-15T15:01:35.656Z

20.1,78,25,0,false,3500,2024-12-15T15:01:38.036Z

20.1,78,25,0,false,3500,2024-12-15T15:01:40.170Z

20.1,78,25,0,false,3500,2024-12-15T15:01:41.862Z

20.1,78,25,0,false,3500,2024-12-15T15:01:43.346Z

20.1,78,25,0,false,3500,2024-12-15T15:01:45.318Z

20.1,78,25,0,false,3500,2024-12-15T15:01:46.787Z

20.1,78,25,0,false,3500,2024-12-15T15:01:48.403Z

20.1,78,25,0,false,3500,2024-12-15T15:01:50.018Z

20.1,78,25,0,false,3500,2024-12-15T15:01:55.089Z

20.1,78,25,0,false,3500,2024-12-15T15:01:57.745Z

20.1,78,25,0,false,3500,2024-12-15T15:02:00.146Z

20.1,78,25,0,false,3500,2024-12-15T15:02:02.550Z

20.1,78,25,0,false,3500,2024-12-15T15:02:04.678Z

20.1,78,25,0,false,3500,2024-12-15T15:02:08.858Z

20.1,78,25,0,false,3500,2024-12-15T15:02:11.794Z

20.1,78,25,0,false,3500,2024-12-15T15:02:13.890Z

20.1,78,25,0,false,3500,2024-12-15T15:02:15.943Z

20.1,78,25,0,false,3500,2024-12-15T15:02:19.313Z

20.1,78,25,0,false,3500,2024-12-15T15:02:20.860Z

20.1,78,25,0,false,3500,2024-12-15T15:02:30.317Z

20.1,78,25,0,false,3500,2024-12-15T15:02:32.209Z

20.1,78,25,0,false,3500,2024-12-15T15:02:34.681Z

20.1,78,25,0,false,3500,2024-12-15T15:02:38.468Z

20.1,78,25,0,false,3500,2024-12-15T15:02:39.386Z

20.1,78,25,0,false,3500,2024-12-15T15:02:42.467Z

20.1,78,25,0,false,3500,2024-12-15T15:02:45.030Z

20.1,78,25,0,false,3500,2024-12-15T15:02:46.763Z

20.1,78,25,0,false,3500,2024-12-15T15:02:50.332Z

20.1,78,25,0,false,3500,2024-12-15T15:02:53.587Z

20.1,78,25,0,false,3500,2024-12-15T15:03:00.551Z

20.1,78,25,0,false,3500,2024-12-15T15:03:02.267Z

20.1,78,25,0,false,3500,2024-12-15T15:03:04.174Z

20.1,78,25,0,false,3500,2024-12-15T15:03:06.068Z

20.1,78,25,0,false,3500,2024-12-15T15:03:07.651Z

20.1,78,25,0,false,3500,2024-12-15T15:03:09.646Z

20.1,78,25,0,false,3500,2024-12-15T15:03:11.138Z

20.1,78,25,0,false,3500,2024-12-15T15:03:12.660Z

20.1,78,25,0,false,3500,2024-12-15T15:03:14.155Z

20.1,78,25,0,false,3500,2024-12-15T15:03:15.902Z

20.1,78,25,0,false,3500,2024-12-15T15:03:17.363Z

20.1,78,25,0,false,3500,2024-12-15T15:03:18.715Z

20.1,78,25,0,false,3500,2024-12-15T15:03:21.375Z

20.1,78,25,0,false,3500,2024-12-15T15:03:22.843Z

0,0,25,0,false,3500,2024-12-15T15:03:37.100Z

0,0,0,0,false,5000,2024-12-15T15:04:42.782Z

0,0,0,0,false,4000,2024-12-15T15:04:49.804Z

0,0,0,0,false,4000,2024-12-15T15:04:51.655Z

0,0,0,0,false,4000,2024-12-15T15:04:55.907Z

0,0,0,0,false,4000,2024-12-15T15:05:01.241Z

0,0,0,0,false,4000,2024-12-15T15:05:08.085Z

0,0,0,0,false,4000,2024-12-15T15:05:10.792Z

0,0,0,0,false,4000,2024-12-15T15:05:14.024Z

0,0,0,0,false,4000,2024-12-15T15:05:15.932Z

0,0,0,0,false,4000,2024-12-15T15:05:21.016Z

0,0,0,0,false,4000,2024-12-15T15:05:24.177Z

0,0,0,0,false,4000,2024-12-15T15:05:25.814Z

0,0,0,0,false,4000,2024-12-15T15:05:28.316Z

0,0,0,0,false,4000,2024-12-15T15:05:34.053Z

0,0,0,0,false,4000,2024-12-15T15:05:38.440Z

0,0,0,0,false,4000,2024-12-15T15:05:42.073Z

0,0,0,0,false,4000,2024-12-15T15:05:44.784Z

0,0,0,0,false,4000,2024-12-15T15:05:46.873Z

0,0,0,0,false,4000,2024-12-15T15:05:54.691Z

20.3,78,0,0,false,4000,2024-12-15T15:06:02.627Z

20.2,80,21,0,false,4000,2024-12-15T15:06:06.968Z

20.3,79,21,0,false,3500,2024-12-15T15:06:11.047Z

20.3,79,21,0,false,3500,2024-12-15T15:06:11.319Z

0,0,24,0,false,3500,2024-12-15T15:06:14.930Z

0,0,24,0,false,3000,2024-12-15T15:06:16.927Z

20.2,79,24,1,false,3000,2024-12-15T15:06:18.897Z

20.2,79,33,1,false,3500,2024-12-15T15:06:20.823Z

20.2,79,33,1,false,3500,2024-12-15T15:06:22.842Z

20.2,79,33,1,false,3500,2024-12-15T15:06:24.851Z

20.1,79,33,1,false,3500,2024-12-15T15:06:26.461Z

20.1,79,33,1,false,3500,2024-12-15T15:06:28.421Z

20.2,79,29,1,false,3500,2024-12-15T15:06:30.838Z

20.2,79,29,1,false,3500,2024-12-15T15:06:33.592Z

20.1,79,29,0,false,3500,2024-12-15T15:06:35.954Z

20.2,79,29,0,false,3500,2024-12-15T15:06:39.016Z

20.2,79,25,0,false,3500,2024-12-15T15:06:41.065Z

20.2,78,25,0,false,3500,2024-12-15T15:06:47.365Z

20.2,78,25,0,false,3500,2024-12-15T15:06:48.928Z

20.1,78,24,0,false,3500,2024-12-15T15:06:51.151Z

20.1,78,24,0,false,3500,2024-12-15T15:06:52.990Z

20.2,78,24,1,false,3500,2024-12-15T15:06:56.505Z

20.2,79,24,1,false,3500,2024-12-15T15:07:02.507Z

20.2,79,32,1,false,3500,2024-12-15T15:07:05.948Z

20.2,79,32,1,false,3500,2024-12-15T15:07:07.695Z

20.2,79,32,1,false,3500,2024-12-15T15:07:11.128Z

20.2,79,29,1,false,3500,2024-12-15T15:07:12.995Z

20.2,79,29,1,false,3500,2024-12-15T15:07:15.204Z

20.2,79,29,1,false,3500,2024-12-15T15:07:18.518Z

20.2,79,22,1,false,3500,2024-12-15T15:07:20.505Z

20.1,79,22,1,false,3500,2024-12-15T15:07:25.225Z

20.1,79,22,0,false,3500,2024-12-15T15:07:27.196Z

20.2,79,22,0,false,3500,2024-12-15T15:07:29.797Z

20.2,79,19,0,false,3500,2024-12-15T15:07:32.369Z

20.2,79,19,0,false,3500,2024-12-15T15:07:34.223Z

20.2,79,19,2,false,3500,2024-12-15T15:07:40.084Z

20.1,79,32,2,false,3500,2024-12-15T15:07:47.394Z

20.2,79,32,2,false,3500,2024-12-15T15:07:49.564Z

20.2,79,32,1,false,3500,2024-12-15T15:07:51.245Z

20.1,79,25,1,false,3500,2024-12-15T15:07:52.983Z

20.2,79,25,1,false,3500,2024-12-15T15:07:55.194Z

20.2,79,25,1,false,3500,2024-12-15T15:07:57.492Z

20.1,79,25,1,false,3500,2024-12-15T15:07:59.654Z

20.1,79,20,1,false,3500,2024-12-15T15:08:02.405Z

20.1,79,20,1,false,3500,2024-12-15T15:08:04.559Z

20.1,79,20,0,false,3500,2024-12-15T15:08:06.425Z

20.1,79,20,0,false,3500,2024-12-15T15:08:08.297Z

20.1,79,20,0,false,3500,2024-12-15T15:08:10.181Z

20.2,79,21,0,false,3500,2024-12-15T15:08:13.194Z

20.1,79,21,0,false,3500,2024-12-15T15:08:15.627Z

20.1,79,21,1,false,3500,2024-12-15T15:08:22.414Z

20.1,79,28,1,false,3500,2024-12-15T15:08:24.056Z

20.1,79,28,1,false,3500,2024-12-15T15:08:25.929Z

20.1,79,28,1,false,3500,2024-12-15T15:08:29.049Z

20.1,79,26,1,false,3500,2024-12-15T15:08:31.299Z

20.1,79,26,1,false,3500,2024-12-15T15:08:33.068Z

0,0,26,2,false,3500,2024-12-15T15:08:36.880Z

0,0,26,2,false,3000,2024-12-15T15:08:39.275Z

0,0,22,2,false,3000,2024-12-15T15:08:41.756Z

0,0,22,2,false,3000,2024-12-15T15:08:43.936Z

0,0,22,0,false,3000,2024-12-15T15:08:46.665Z

0,0,22,0,false,3000,2024-12-15T15:08:48.464Z

0,0,20,0,false,3000,2024-12-15T15:08:51.111Z

0,0,20,0,false,3000,2024-12-15T15:08:53.285Z

0,0,20,1,false,3000,2024-12-15T15:08:55.506Z

0,0,20,1,false,3000,2024-12-15T15:08:57.225Z

0,0,20,1,false,3000,2024-12-15T15:08:58.887Z

0,0,20,1,false,3000,2024-12-15T15:09:00.417Z

0,0,28,1,false,3000,2024-12-15T15:09:03.381Z

0,0,28,1,false,3000,2024-12-15T15:09:05.750Z

0,0,28,2,false,3000,2024-12-15T15:09:08.446Z

0,0,28,2,false,3000,2024-12-15T15:09:11.091Z

0,0,29,2,false,3000,2024-12-15T15:09:13.671Z

0,0,29,2,false,3000,2024-12-15T15:09:16.497Z

0,0,29,2,false,3000,2024-12-15T15:09:18.350Z

0,0,29,2,false,3000,2024-12-15T15:09:20.057Z

0,0,0,0,false,5000,2024-12-15T15:10:07.253Z

0,0,0,0,false,4000,2024-12-15T15:10:11.574Z

0,0,0,0,false,4000,2024-12-15T15:10:13.677Z

0,0,0,0,false,4000,2024-12-15T15:10:15.488Z

0,0,24,0,false,4000,2024-12-15T15:10:17.667Z

0,0,24,0,false,3000,2024-12-15T15:10:19.722Z

0,0,24,0,false,3000,2024-12-15T15:10:21.232Z

0,0,23,0,false,3000,2024-12-15T15:10:23.569Z

0,0,23,0,false,3000,2024-12-15T15:10:25.635Z

0,0,23,1,false,3000,2024-12-15T15:10:27.046Z

0,0,23,1,false,3000,2024-12-15T15:10:28.709Z

0,0,23,1,false,3000,2024-12-15T15:10:31.802Z

0,0,30,1,false,3000,2024-12-15T15:10:34.124Z

0,0,30,1,false,3000,2024-12-15T15:10:36.274Z

0,0,30,1,false,3000,2024-12-15T15:10:37.589Z

0,0,30,1,false,3000,2024-12-15T15:10:39.208Z

0,0,30,1,false,3000,2024-12-15T15:10:41.079Z

0,0,29,1,false,3000,2024-12-15T15:10:42.983Z

0,0,29,1,false,3000,2024-12-15T15:10:45.163Z

0,0,29,0,false,3000,2024-12-15T15:10:46.699Z

0,0,29,0,false,3000,2024-12-15T15:10:48.242Z

0,0,29,0,false,3000,2024-12-15T15:10:49.883Z

0,0,29,0,false,3000,2024-12-15T15:10:51.999Z

0,0,25,0,false,3000,2024-12-15T15:10:54.841Z

0,0,25,0,false,3000,2024-12-15T15:10:57.039Z

0,0,25,0,false,3000,2024-12-15T15:10:58.541Z

0,0,25,0,false,3000,2024-12-15T15:11:00.212Z

0,0,25,0,false,3000,2024-12-15T15:11:01.727Z

0,0,23,0,false,3000,2024-12-15T15:11:03.285Z

0,0,23,0,false,3000,2024-12-15T15:11:04.823Z

0,0,23,1,false,3000,2024-12-15T15:11:06.360Z

0,0,23,1,false,3000,2024-12-15T15:11:08.683Z

0,0,23,1,false,3000,2024-12-15T15:11:10.115Z

0,0,23,1,false,3000,2024-12-15T15:11:11.597Z

0,0,33,1,false,3000,2024-12-15T15:11:13.732Z

0,0,33,1,false,3000,2024-12-15T15:11:15.581Z

0,0,33,1,false,3000,2024-12-15T15:11:17.066Z

0,0,33,1,false,3000,2024-12-15T15:11:19.470Z

0,0,33,1,false,3000,2024-12-15T15:11:21.079Z

0,0,29,1,false,3000,2024-12-15T15:11:22.592Z

0,0,29,1,false,3000,2024-12-15T15:11:24.086Z

0,0,29,0,false,3000,2024-12-15T15:11:25.605Z

0,0,29,0,false,3000,2024-12-15T15:11:27.153Z

0,0,29,0,false,3000,2024-12-15T15:11:29.462Z

0,0,29,0,false,3000,2024-12-15T15:11:31.099Z

0,0,25,0,false,3000,2024-12-15T15:11:32.680Z

0,0,25,0,false,3000,2024-12-15T15:11:34.422Z

0,0,25,0,false,3000,2024-12-15T15:11:37.250Z

0,0,25,0,false,3000,2024-12-15T15:11:39.137Z

0,0,25,0,false,3000,2024-12-15T15:11:40.772Z

0,0,21,0,false,3000,2024-12-15T15:11:43.222Z

0,0,21,0,false,3000,2024-12-15T15:11:47.778Z

0,0,21,1,false,3000,2024-12-15T15:11:50.544Z

0,0,21,1,false,3000,2024-12-15T15:11:51.659Z

0,0,29,1,false,3000,2024-12-15T15:12:04.502Z

0,0,29,1,false,3000,2024-12-15T15:12:07.608Z

0,0,29,1,false,3000,2024-12-15T15:12:09.873Z

0,0,26,1,false,3000,2024-12-15T15:12:11.203Z

0,0,26,1,false,3000,2024-12-15T15:12:13.199Z

0,0,26,1,false,3000,2024-12-15T15:12:14.775Z

0,0,23,1,false,3000,2024-12-15T15:12:17.083Z

0,0,23,1,false,3000,2024-12-15T15:12:18.763Z

0,0,23,0,false,3000,2024-12-15T15:12:20.257Z

0,0,23,0,false,3000,2024-12-15T15:12:21.825Z

0,0,23,0,false,3000,2024-12-15T15:12:23.422Z

0,0,23,0,false,3000,2024-12-15T15:12:27.474Z

0,0,23,2,false,3000,2024-12-15T15:12:33.673Z

0,0,32,2,false,3000,2024-12-15T15:12:33.831Z

0,0,32,2,false,3000,2024-12-15T15:12:35.503Z

0,0,32,1,false,3000,2024-12-15T15:12:37.001Z

0,0,32,1,false,3000,2024-12-15T15:12:39.979Z

0,0,32,1,false,3000,2024-12-15T15:12:41.396Z

0,0,28,1,false,3000,2024-12-15T15:12:42.942Z

0,0,28,1,false,3000,2024-12-15T15:12:48.944Z

0,0,28,2,false,3000,2024-12-15T15:12:57.950Z

0,0,23,2,false,3000,2024-12-15T15:13:04.070Z

0,0,23,2,false,3000,2024-12-15T15:13:09.003Z

0,0,23,0,false,3000,2024-12-15T15:13:21.802Z

0,0,21,0,false,3000,2024-12-15T15:13:23.917Z

0,0,21,0,false,3000,2024-12-15T15:13:26.107Z

0,0,21,1,false,3000,2024-12-15T15:13:29.524Z

0,0,29,1,false,3000,2024-12-15T15:13:38.564Z

0,0,29,1,false,3000,2024-12-15T15:13:41.126Z

0,0,29,1,false,3000,2024-12-15T15:13:46.625Z

0,0,22,1,false,3000,2024-12-15T15:13:55.345Z

0,0,22,1,false,3000,2024-12-15T15:13:55.423Z

0,0,22,0,false,3000,2024-12-15T15:13:56.347Z

0,0,23,0,false,3000,2024-12-15T15:13:59.024Z

0,0,23,0,false,3000,2024-12-15T15:14:01.135Z

0,0,23,0,false,3000,2024-12-15T15:14:03.363Z

0,0,24,0,false,3000,2024-12-15T15:14:09.703Z

0,0,24,0,false,3000,2024-12-15T15:14:13.547Z

0,0,24,1,false,3000,2024-12-15T15:14:15.625Z

0,0,29,1,false,3000,2024-12-15T15:14:20.302Z

0,0,29,1,false,3000,2024-12-15T15:14:24.039Z

0,0,29,1,false,3000,2024-12-15T15:14:27.116Z

0,0,22,1,false,3000,2024-12-15T15:14:28.762Z

0,0,22,1,false,3000,2024-12-15T15:14:34.266Z

0,0,22,0,false,3000,2024-12-15T15:14:37.429Z

0,0,23,0,false,3000,2024-12-15T15:14:40.118Z

0,0,23,0,false,3000,2024-12-15T15:14:41.398Z

0,0,23,0,false,3000,2024-12-15T15:14:45.875Z

0,0,25,0,false,3000,2024-12-15T15:14:58.148Z

0,0,25,0,false,3000,2024-12-15T15:15:05.209Z

0,0,25,2,false,3000,2024-12-15T15:15:05.771Z

0,0,29,2,false,3000,2024-12-15T15:15:07.756Z

0,0,29,2,false,3000,2024-12-15T15:15:13.708Z

20.1,80,29,2,false,3000,2024-12-15T15:15:19.460Z

20,80,20,2,false,3500,2024-12-15T15:15:20.698Z

20,80,20,2,false,3500,2024-12-15T15:15:39.880Z

20,80,20,1,false,3500,2024-12-15T15:15:44.128Z

20.1,80,22,1,false,3500,2024-12-15T15:15:47.072Z

20,80,22,1,false,3500,2024-12-15T15:15:51.365Z

20.1,80,22,1,false,3500,2024-12-15T15:15:54.987Z

20,80,30,1,false,3500,2024-12-15T15:15:58.334Z

20.1,80,30,1,false,3500,2024-12-15T15:16:07.695Z

20.1,80,30,2,false,3500,2024-12-15T15:16:14.148Z

20.1,80,28,2,false,3500,2024-12-15T15:16:16.646Z

20,80,28,2,false,3500,2024-12-15T15:16:42.496Z

20.1,80,28,2,false,3500,2024-12-15T15:17:02.340Z

20,80,28,2,false,3500,2024-12-15T15:17:05.332Z

20.1,80,28,2,false,3500,2024-12-15T15:17:08.759Z

20.1,80,28,2,false,3500,2024-12-15T15:17:12.215Z

20.1,80,28,2,false,3500,2024-12-15T15:17:14.962Z

20.1,79,28,2,false,3500,2024-12-15T15:17:18.847Z

20.1,79,28,2,false,3500,2024-12-15T15:17:35.948Z

0,0,28,2,false,3500,2024-12-15T15:17:44.437Z

0,0,28,2,false,3000,2024-12-15T15:17:52.304Z

0,0,28,2,false,3000,2024-12-15T15:17:58.125Z

0,0,28,2,false,3000,2024-12-15T15:17:58.665Z

0,0,28,2,false,3000,2024-12-15T15:18:02.386Z

0,0,28,2,false,3000,2024-12-15T15:18:04.420Z

0,0,28,2,false,3000,2024-12-15T15:18:07.372Z

0,0,28,2,false,3000,2024-12-15T15:18:10.599Z

0,0,28,2,false,3000,2024-12-15T15:18:13.484Z

0,0,28,2,false,3000,2024-12-15T15:18:21.419Z

0,0,0,0,false,5000,2024-12-15T15:19:24.306Z

0,0,0,0,false,4000,2024-12-15T15:19:32.904Z

0,0,0,0,false,4000,2024-12-15T15:19:39.261Z

0,0,0,0,false,4000,2024-12-15T15:19:43.434Z

0,0,0,0,false,4000,2024-12-15T15:19:46.053Z

0,0,25,0,false,4000,2024-12-15T15:19:49.365Z

0,0,25,0,false,3000,2024-12-15T15:19:52.196Z

0,0,25,0,false,3000,2024-12-15T15:19:56.280Z

0,0,21,0,false,3000,2024-12-15T15:19:58.870Z

0,0,21,0,false,3000,2024-12-15T15:20:08.053Z

0,0,21,2,false,3000,2024-12-15T15:20:10.448Z

0,0,33,2,false,3000,2024-12-15T15:20:13.696Z

0,0,33,2,false,3000,2024-12-15T15:20:23.246Z

0,0,33,1,false,3000,2024-12-15T15:20:25.795Z

0,0,29,1,false,3000,2024-12-15T15:20:28.175Z

0,0,29,1,false,3000,2024-12-15T15:20:30.592Z

0,0,29,0,false,3000,2024-12-15T15:20:33.345Z

0,0,29,0,false,3000,2024-12-15T15:20:35.753Z

0,0,25,0,false,3000,2024-12-15T15:20:41.280Z

0,0,25,0,false,3000,2024-12-15T15:20:44.819Z

0,0,25,0,false,3000,2024-12-15T15:20:47.431Z

0,0,21,0,false,3000,2024-12-15T15:20:51.572Z

0,0,21,0,false,3000,2024-12-15T15:20:53.337Z

0,0,21,1,false,3000,2024-12-15T15:20:57.252Z

0,0,28,1,false,3000,2024-12-15T15:21:01.200Z

0,0,28,1,false,3000,2024-12-15T15:21:03.921Z

0,0,28,1,false,3000,2024-12-15T15:21:08.637Z

0,0,29,1,false,3000,2024-12-15T15:21:12.310Z

0,0,29,1,false,3000,2024-12-15T15:21:14.024Z

0,0,29,1,false,3000,2024-12-15T15:21:17.363Z

0,0,24,1,false,3000,2024-12-15T15:21:18.926Z

0,0,24,1,false,3000,2024-12-15T15:21:22.508Z

0,0,24,0,false,3000,2024-12-15T15:21:23.789Z

0,0,26,0,false,3000,2024-12-15T15:21:26.470Z

0,0,26,0,false,3000,2024-12-15T15:21:30.982Z

0,0,26,2,false,3000,2024-12-15T15:21:33.251Z

0,0,27,2,false,3000,2024-12-15T15:21:35.642Z

0,0,27,2,false,3000,2024-12-15T15:21:37.687Z

0,0,27,2,false,3000,2024-12-15T15:21:40.762Z

0,0,21,2,false,3000,2024-12-15T15:21:43.220Z

0,0,21,2,false,3000,2024-12-15T15:21:46.444Z

0,0,21,2,false,3000,2024-12-15T15:21:49.071Z

0,0,22,2,false,3000,2024-12-15T15:21:52.025Z

0,0,22,2,false,3000,2024-12-15T15:21:54.671Z

0,0,22,0,false,3000,2024-12-15T15:21:57.696Z

0,0,27,0,false,3000,2024-12-15T15:22:03.112Z

0,0,27,0,false,3000,2024-12-15T15:22:06.191Z

0,0,27,2,false,3000,2024-12-15T15:22:09.060Z

0,0,27,2,false,3000,2024-12-15T15:22:12.414Z

0,0,27,2,false,3000,2024-12-15T15:22:16.105Z

0,0,27,2,false,3000,2024-12-15T15:22:18.521Z

0,0,19,2,false,3000,2024-12-15T15:22:29.735Z

0,0,19,2,false,3000,2024-12-15T15:22:32.104Z

0,0,19,1,false,3000,2024-12-15T15:22:35.512Z

0,0,20,1,false,3000,2024-12-15T15:22:44.625Z

0,0,20,1,false,3000,2024-12-15T15:22:49.283Z

0,0,20,1,false,3000,2024-12-15T15:22:54.397Z

0,0,30,1,false,3000,2024-12-15T15:22:57.252Z

0,0,30,1,false,3000,2024-12-15T15:23:00.466Z

0,0,30,2,false,3000,2024-12-15T15:23:04.905Z

0,0,27,2,false,3000,2024-12-15T15:23:07.894Z

0,0,27,2,false,3000,2024-12-15T15:23:11.314Z

0,0,27,2,false,3000,2024-12-15T15:23:14.119Z

0,0,24,2,false,3000,2024-12-15T15:23:18.464Z

0,0,24,2,false,3000,2024-12-15T15:23:21.312Z

0,0,24,0,false,3000,2024-12-15T15:23:26.451Z

0,0,24,0,false,3000,2024-12-15T15:23:31.322Z

0,0,24,0,false,3000,2024-12-15T15:23:35.559Z

0,0,24,2,false,3000,2024-12-15T15:23:39.872Z

0,0,31,2,false,3000,2024-12-15T15:23:47.235Z

0,0,31,2,false,3000,2024-12-15T15:23:49.492Z

0,0,31,2,false,3000,2024-12-15T15:23:54.821Z

0,0,29,2,false,3000,2024-12-15T15:23:56.400Z

